,Nome,Frase
0,Marcos,Oi Marcos! Seus investimentos são a base de sua segurança financeira.
1,Thais,Oi Thais! Investir é o caminho para realizar seus sonhos financeiros.
2,Bianca,Oi Bianca! Não deixe seu dinheiro parado. Faça-o crescer com investimentos.
3,Rodrigo,Como vai Rodrigo! Invista com sabedoria e garanta um amanhã melhor.
4,Filisberto,Olá Filisberto! Seus investimentos moldarão seu futuro financeiro.
5,Miúxa,Oi Miúxa! Seus investimentos são a chave para a tranquilidade financeira.
6,Enzo,Oi Enzo! Os investimentos são a base de uma vida financeira sólida.
7,Bento,Como vai Bento! Invista para conquistar seus sonhos com tranquilidade.
8,Bartho,Como vai Bartho! Não deixe o tempo passar. Comece a investir hoje!
9,Espiriquitiberto,Oi Espiriquitiberto! Seus investimentos são a chave para a tranquilidade financeira.
